,time,cloudCover,sunriseTime,sunsetTime,temperatureHigh,temperatureLow,temperatureMin,temperatureMax,visibility,longitude,latitude
30,1454194800.0,0.78,30006.0,62454.0,43.38,44.87,36.34,49.27,5.33,6.0221493,52.2132321
29,1454108400.0,0.72,30096.0,62343.0,48.14,36.34,38.06,48.33,5.62,6.0221493,52.2132321
28,1454022000.0,0.93,30185.0,62232.0,49.14,47.13,39.81,49.14,5.13,6.0221493,52.2132321
27,1453935600.0,0.38,30271.0,62122.0,47.19,39.12,39.12,50.98,6.16,6.0221493,52.2132321
26,1453849200.0,0.85,30355.0,62012.0,53.03,40.53,48.35,53.03,5.53,6.0221493,52.2132321
25,1453762800.0,0.87,30437.0,61903.0,52.11,47.53,45.61,52.2,5.93,6.0221493,52.2132321
24,1453676400.0,0.73,30516.0,61795.0,58.44,45.61,47.36,58.44,4.65,6.0221493,52.2132321
23,1453590000.0,0.9,30593.0,61688.0,47.96,47.36,40.52,49.3,3.05,6.0221493,52.2132321
22,1453503600.0,0.93,30668.0,61582.0,45.13,40.52,37.16,45.13,1.58,6.0221493,52.2132321
21,1453417200.0,0.54,30740.0,61477.0,36.23,34.83,26.68,36.26,3.76,6.0221493,52.2132321
20,1453330800.0,0.79,30809.0,61373.0,35.11,26.68,28.07,35.11,1.31,6.0221493,52.2132321
19,1453244400.0,0.89,30876.0,61271.0,39.75,28.07,29.02,39.75,4.86,6.0221493,52.2132321
18,1453158000.0,0.53,30940.0,61169.0,32.49,30.05,18.02,32.49,6.09,6.0221493,52.2132321
17,1453071600.0,0.36,31002.0,61069.0,32.48,18.02,21.1,32.48,5.8,6.0221493,52.2132321
16,1452985200.0,0.43,31061.0,60971.0,35.15,21.1,23.08,35.15,6.22,6.0221493,52.2132321
15,1452898800.0,0.65,31116.0,60874.0,38.13,29.96,30.72,38.13,4.39,6.0221493,52.2132321
14,1452812400.0,0.85,31169.0,60778.0,37.34,30.72,33.1,37.84,4.19,6.0221493,52.2132321
13,1452726000.0,0.8,31219.0,60685.0,39.92,34.93,34.33,39.92,5.88,6.0221493,52.2132321
12,1452639600.0,0.59,31266.0,60593.0,43.64,34.33,36.19,43.64,6.01,6.0221493,52.2132321
11,1452553200.0,0.78,31310.0,60503.0,44.32,39.2,40.23,44.32,5.93,6.0221493,52.2132321
10,1452466800.0,0.76,31351.0,60415.0,42.4,40.72,36.17,43.22,5.9,6.0221493,52.2132321
9,1452380400.0,0.7,31389.0,60329.0,49.21,36.17,40.94,49.21,6.22,6.0221493,52.2132321
8,1452294000.0,0.85,31424.0,60246.0,45.06,41.03,34.53,45.06,5.58,6.0221493,52.2132321
7,1452207600.0,0.41,31455.0,60164.0,47.67,34.53,35.82,47.67,6.22,6.0221493,52.2132321
6,1452121200.0,0.8,31483.0,60086.0,43.28,39.84,32.8,43.53,3.71,6.0221493,52.2132321
5,1452034800.0,0.81,31508.0,60009.0,32.94,32.49,31.02,35.04,1.04,6.0221493,52.2132321
4,1451948400.0,0.9,31530.0,59935.0,44.07,31.21,36.27,44.07,4.5,6.0221493,52.2132321
3,1451862000.0,0.7,31548.0,59864.0,38.28,36.85,36.85,40.5,3.27,6.0221493,52.2132321
2,1451775600.0,0.7,31563.0,59795.0,45.68,37.88,39.87,45.68,4.69,6.0221493,52.2132321
1,1451689200.0,0.83,31574.0,59729.0,40.59,39.87,38.91,40.59,5.32,6.0221493,52.2132321
0,1451602800.0,0.75,31582.0,59666.0,41.94,38.91,36.86,42.93,2.13,6.0221493,52.2132321
59,1456700400.0,0.22,26667.0,65708.0,44.21,23.61,29.74,44.21,6.22,6.0221493,52.2132321
57,1456527600.0,0.4,26930.0,65489.0,43.38,28.59,29.29,43.38,5.67,6.0221493,52.2132321
56,1456441200.0,0.74,27060.0,65380.0,42.54,29.29,30.21,42.54,4.4,6.0221493,52.2132321
55,1456354800.0,0.65,27190.0,65269.0,39.9,30.21,29.73,39.9,4.75,6.0221493,52.2132321
54,1456268400.0,0.62,27318.0,65159.0,42.43,29.73,31.17,42.43,4.66,6.0221493,52.2132321
53,1456182000.0,0.63,27445.0,65048.0,44.83,31.33,34.7,44.83,4.61,6.0221493,52.2132321
52,1456095600.0,0.84,27572.0,64937.0,46.7,35.91,39.33,52.25,4.62,6.0221493,52.2132321
51,1456009200.0,0.92,27697.0,64826.0,52.26,44.8,47.0,52.52,4.38,6.0221493,52.2132321
50,1455922800.0,0.95,27821.0,64714.0,48.7,46.03,38.52,50.38,4.82,6.0221493,52.2132321
49,1455836400.0,0.74,27944.0,64602.0,44.94,37.7,34.16,44.94,3.3,6.0221493,52.2132321
48,1455750000.0,0.85,28066.0,64489.0,40.04,34.16,28.5,40.04,5.39,6.0221493,52.2132321
47,1455663600.0,0.26,28187.0,64377.0,39.4,28.29,24.04,39.4,5.26,6.0221493,52.2132321
46,1455577200.0,0.2,28306.0,64264.0,41.66,24.04,23.8,41.66,6.22,6.0221493,52.2132321
45,1455490800.0,0.59,28424.0,64151.0,40.63,23.8,28.29,40.63,5.85,6.0221493,52.2132321
44,1455404400.0,0.92,28541.0,64038.0,34.05,33.2,32.96,37.31,2.32,6.0221493,52.2132321
43,1455318000.0,0.6,28656.0,63925.0,40.1,33.32,29.35,40.1,5.23,6.0221493,52.2132321
42,1455231600.0,0.7,28770.0,63811.0,43.67,29.35,32.26,43.67,4.31,6.0221493,52.2132321
41,1455145200.0,0.58,28882.0,63698.0,45.23,32.26,34.2,45.23,5.75,6.0221493,52.2132321
40,1455058800.0,0.76,28993.0,63584.0,44.97,34.73,35.37,44.97,5.39,6.0221493,52.2132321
39,1454972400.0,0.74,29102.0,63470.0,44.6,35.37,37.06,45.51,5.77,6.0221493,52.2132321
38,1454886000.0,0.84,29210.0,63357.0,49.81,42.98,44.2,49.81,5.64,6.0221493,52.2132321
37,1454799600.0,0.74,29316.0,63243.0,51.33,44.2,44.22,51.33,6.22,6.0221493,52.2132321
36,1454713200.0,0.88,29420.0,63130.0,50.79,48.32,48.05,50.79,6.19,6.0221493,52.2132321
35,1454626800.0,0.97,29522.0,63017.0,50.7,48.14,39.01,50.7,4.33,6.0221493,52.2132321
34,1454540400.0,0.88,29623.0,62903.0,41.08,39.01,36.3,41.08,5.75,6.0221493,52.2132321
33,1454454000.0,0.6,29721.0,62791.0,43.66,36.3,37.08,43.66,6.22,6.0221493,52.2132321
32,1454367600.0,0.81,29818.0,62678.0,49.65,37.47,44.63,52.73,6.22,6.0221493,52.2132321
31,1454281200.0,0.98,29913.0,62566.0,53.14,48.61,49.49,53.14,4.59,6.0221493,52.2132321
90,1459375200.0,0.7,25966.0,72558.0,52.93,35.05,39.01,52.93,6.22,6.0221493,52.2132321
89,1459288800.0,0.74,26106.0,72455.0,54.19,39.01,43.18,54.19,6.22,6.0221493,52.2132321
88,1459202400.0,0.75,26246.0,72352.0,51.55,42.59,42.15,51.55,6.03,6.0221493,52.2132321
87,1459116000.0,0.7,26386.0,72249.0,54.6,42.15,45.82,54.6,6.22,6.0221493,52.2132321
86,1459033200.0,0.73,22922.0,68551.0,55.23,45.73,44.71,55.23,6.22,6.0221493,52.2132321
85,1458946800.0,0.6,23063.0,68448.0,60.13,45.56,35.34,60.13,3.94,6.0221493,52.2132321
84,1458860400.0,0.81,23204.0,68345.0,47.65,35.34,39.6,47.65,3.46,6.0221493,52.2132321
83,1458774000.0,0.85,23345.0,68242.0,49.77,43.89,42.72,49.77,3.66,6.0221493,52.2132321
82,1458687600.0,0.91,23486.0,68138.0,50.68,42.72,43.18,50.68,5.68,6.0221493,52.2132321
81,1458601200.0,0.89,23627.0,68035.0,50.46,43.18,39.0,50.46,4.68,6.0221493,52.2132321
80,1458514800.0,0.8,23768.0,67932.0,48.4,39.0,42.18,48.4,5.65,6.0221493,52.2132321
79,1458428400.0,0.9,23909.0,67828.0,46.58,42.9,40.12,46.58,5.21,6.0221493,52.2132321
78,1458342000.0,1.0,24050.0,67724.0,46.12,40.12,41.05,46.12,6.22,6.0221493,52.2132321
77,1458255600.0,0.97,24191.0,67620.0,43.68,41.05,36.37,43.68,4.5,6.0221493,52.2132321
76,1458169200.0,0.23,24332.0,67516.0,54.57,36.37,31.41,54.57,6.16,6.0221493,52.2132321
75,1458082800.0,0.45,24472.0,67412.0,47.55,31.41,34.13,47.55,6.06,6.0221493,52.2132321
74,1457996400.0,0.71,24613.0,67307.0,46.16,34.13,33.0,46.16,4.03,6.0221493,52.2132321
73,1457910000.0,0.29,24753.0,67203.0,50.53,33.0,30.13,50.53,5.72,6.0221493,52.2132321
72,1457823600.0,0.32,24892.0,67098.0,46.42,30.13,31.59,46.42,6.19,6.0221493,52.2132321
71,1457737200.0,0.27,25032.0,66993.0,48.0,31.59,29.9,48.0,4.36,6.0221493,52.2132321
69,1457564400.0,0.34,25310.0,66782.0,47.85,33.64,30.76,47.85,5.57,6.0221493,52.2132321
68,1457478000.0,0.58,25448.0,66676.0,46.55,30.76,34.2,46.55,6.11,6.0221493,52.2132321
67,1457391600.0,0.82,25586.0,66569.0,43.68,34.2,30.48,43.68,5.7,6.0221493,52.2132321
66,1457305200.0,0.65,25723.0,66463.0,42.94,30.48,30.94,42.94,4.55,6.0221493,52.2132321
65,1457218800.0,0.72,25860.0,66356.0,44.96,33.78,28.49,44.96,3.33,6.0221493,52.2132321
64,1457132400.0,0.89,25996.0,66249.0,43.69,28.49,27.07,43.69,3.37,6.0221493,52.2132321
63,1457046000.0,0.87,26131.0,66141.0,36.63,27.07,32.88,36.63,3.47,6.0221493,52.2132321
62,1456959600.0,0.67,26266.0,66034.0,45.1,32.36,32.36,45.1,5.49,6.0221493,52.2132321
61,1456873200.0,0.79,26401.0,65925.0,45.68,36.39,38.08,46.11,5.42,6.0221493,52.2132321
60,1456786800.0,0.66,26534.0,65817.0,38.26,39.1,23.61,42.29,4.07,6.0221493,52.2132321
120,1461967200.0,0.73,22054.0,75658.0,53.95,37.16,41.94,53.95,6.09,6.0221493,52.2132321
119,1461880800.0,0.86,22170.0,75555.0,49.35,41.94,38.32,49.35,6.01,6.0221493,52.2132321
118,1461794400.0,0.65,22287.0,75453.0,48.72,38.32,35.82,48.72,5.13,6.0221493,52.2132321
117,1461708000.0,0.75,22406.0,75350.0,48.7,35.82,37.79,48.7,6.06,6.0221493,52.2132321
116,1461621600.0,0.72,22526.0,75246.0,44.9,37.79,33.66,44.9,6.11,6.0221493,52.2132321
115,1461535200.0,0.71,22648.0,75143.0,46.8,33.66,34.35,46.8,5.76,6.0221493,52.2132321
114,1461448800.0,0.63,22770.0,75040.0,45.82,34.35,34.0,45.82,6.01,6.0221493,52.2132321
113,1461362400.0,0.78,22894.0,74936.0,49.26,34.0,37.58,49.26,6.22,6.0221493,52.2132321
112,1461276000.0,0.79,23018.0,74832.0,56.32,40.52,40.43,56.32,6.14,6.0221493,52.2132321
111,1461189600.0,0.28,23144.0,74729.0,62.05,40.43,36.95,62.05,6.22,6.0221493,52.2132321
110,1461103200.0,0.26,23271.0,74625.0,57.88,36.95,33.28,57.88,6.22,6.0221493,52.2132321
109,1461016800.0,0.76,23399.0,74521.0,56.44,33.28,43.1,56.44,6.22,6.0221493,52.2132321
108,1460930400.0,0.55,23527.0,74418.0,54.08,46.7,35.45,54.08,6.22,6.0221493,52.2132321
107,1460844000.0,0.63,23657.0,74314.0,50.61,35.45,38.81,50.61,6.22,6.0221493,52.2132321
106,1460757600.0,0.81,23788.0,74210.0,54.33,38.81,41.72,54.33,6.04,6.0221493,52.2132321
105,1460671200.0,0.82,23919.0,74107.0,55.47,47.38,47.75,55.47,5.45,6.0221493,52.2132321
104,1460584800.0,0.65,24051.0,74003.0,62.12,47.91,39.43,62.12,5.75,6.0221493,52.2132321
103,1460498400.0,0.78,24184.0,73899.0,58.73,39.43,39.25,58.73,4.16,6.0221493,52.2132321
102,1460412000.0,0.71,24318.0,73796.0,64.27,39.25,47.01,64.27,5.79,6.0221493,52.2132321
101,1460325600.0,0.28,24452.0,73693.0,63.59,47.01,45.17,63.59,6.22,6.0221493,52.2132321
100,1460239200.0,0.68,24587.0,73589.0,61.44,45.17,44.21,61.44,6.22,6.0221493,52.2132321
99,1460152800.0,0.44,24722.0,73486.0,59.25,44.21,35.83,59.25,3.89,6.0221493,52.2132321
98,1460066400.0,0.87,24859.0,73383.0,51.46,35.83,41.13,51.46,5.09,6.0221493,52.2132321
97,1459980000.0,0.56,24995.0,73279.0,50.06,41.13,40.52,50.06,6.11,6.0221493,52.2132321
96,1459893600.0,0.87,25133.0,73176.0,52.12,40.52,43.47,52.12,4.97,6.0221493,52.2132321
95,1459807200.0,0.81,25270.0,73073.0,54.85,44.1,45.88,54.85,5.77,6.0221493,52.2132321
94,1459720800.0,0.8,25409.0,72970.0,61.7,47.12,50.65,61.7,6.22,6.0221493,52.2132321
93,1459634400.0,0.83,25547.0,72867.0,68.98,56.29,52.91,68.98,6.22,6.0221493,52.2132321
92,1459548000.0,0.77,25686.0,72764.0,58.29,52.91,42.23,58.29,6.22,6.0221493,52.2132321
91,1459461600.0,0.31,25826.0,72661.0,56.95,42.23,35.05,56.95,6.19,6.0221493,52.2132321
151,1464645600.0,0.62,19356.0,78466.0,72.96,59.51,58.8,72.96,5.14,6.0221493,52.2132321
150,1464559200.0,0.85,19408.0,78396.0,73.35,58.8,59.45,73.35,4.01,6.0221493,52.2132321
149,1464472800.0,0.65,19463.0,78324.0,69.8,59.45,56.88,69.8,5.37,6.0221493,52.2132321
148,1464386400.0,0.76,19521.0,78250.0,75.43,56.88,55.4,75.43,4.5,6.0221493,52.2132321
147,1464300000.0,0.56,19581.0,78175.0,68.36,55.4,50.89,68.36,4.95,6.0221493,52.2132321
146,1464213600.0,0.78,19644.0,78097.0,68.23,50.89,45.37,68.23,4.03,6.0221493,52.2132321
145,1464127200.0,0.91,19710.0,78018.0,59.03,45.37,49.51,59.03,4.41,6.0221493,52.2132321
144,1464040800.0,0.97,19778.0,77937.0,55.17,49.51,49.56,55.17,6.22,6.0221493,52.2132321
143,1463954400.0,0.66,19849.0,77854.0,54.79,49.56,51.79,57.46,4.01,6.0221493,52.2132321
142,1463868000.0,0.84,19922.0,77770.0,65.77,54.46,56.94,65.77,5.47,6.0221493,52.2132321
141,1463781600.0,0.72,19998.0,77684.0,75.42,62.14,51.98,75.42,5.8,6.0221493,52.2132321
140,1463695200.0,0.79,20076.0,77597.0,63.72,51.98,51.31,63.72,5.63,6.0221493,52.2132321
139,1463608800.0,0.84,20156.0,77508.0,65.59,51.31,50.46,65.59,4.8,6.0221493,52.2132321
138,1463522400.0,0.76,20238.0,77419.0,66.04,50.46,45.92,66.04,6.16,6.0221493,52.2132321
137,1463436000.0,0.78,20323.0,77328.0,64.37,45.92,46.48,64.37,6.22,6.0221493,52.2132321
136,1463349600.0,0.79,20410.0,77236.0,53.92,46.48,39.57,53.92,6.11,6.0221493,52.2132321
135,1463263200.0,0.84,20499.0,77143.0,52.96,39.57,41.62,52.96,6.07,6.0221493,52.2132321
134,1463176800.0,0.81,20590.0,77049.0,52.71,41.62,43.21,52.71,6.14,6.0221493,52.2132321
133,1463090400.0,0.41,20683.0,76954.0,74.11,45.26,50.33,74.11,6.22,6.0221493,52.2132321
132,1463004000.0,0.35,20778.0,76858.0,77.57,53.89,57.85,77.57,6.22,6.0221493,52.2132321
131,1462917600.0,0.61,20875.0,76761.0,78.77,57.85,60.67,78.77,5.93,6.0221493,52.2132321
130,1462831200.0,0.82,20974.0,76663.0,74.35,60.67,59.72,74.35,6.22,6.0221493,52.2132321
129,1462744800.0,0.37,21074.0,76565.0,77.72,59.72,57.34,77.72,6.22,6.0221493,52.2132321
128,1462658400.0,0.35,21177.0,76466.0,78.26,57.34,56.1,78.26,6.22,6.0221493,52.2132321
127,1462572000.0,0.51,21281.0,76367.0,80.56,56.1,54.03,80.56,6.22,6.0221493,52.2132321
126,1462485600.0,0.31,21386.0,76267.0,77.32,54.03,48.1,77.32,6.22,6.0221493,52.2132321
125,1462399200.0,0.3,21494.0,76167.0,67.65,48.1,41.6,67.65,6.22,6.0221493,52.2132321
124,1462312800.0,0.32,21603.0,76066.0,61.67,41.6,36.0,61.67,6.22,6.0221493,52.2132321
123,1462226400.0,0.58,21713.0,75964.0,57.27,36.0,44.54,57.27,6.09,6.0221493,52.2132321
122,1462140000.0,0.47,21825.0,75862.0,66.56,46.3,36.34,66.56,6.22,6.0221493,52.2132321
121,1462053600.0,0.56,21939.0,75760.0,59.21,36.34,37.16,59.21,6.22,6.0221493,52.2132321
181,1467237600.0,0.85,19200.0,79305.0,66.32,59.21,57.04,66.32,6.06,6.0221493,52.2132321
180,1467151200.0,0.77,19161.0,79321.0,68.42,57.04,56.4,68.42,5.46,6.0221493,52.2132321
179,1467064800.0,0.86,19125.0,79335.0,71.72,56.4,49.67,71.72,6.14,6.0221493,52.2132321
178,1466978400.0,0.74,19091.0,79345.0,63.36,49.67,54.7,63.36,5.56,6.0221493,52.2132321
177,1466892000.0,0.5,19061.0,79352.0,65.62,54.7,52.17,65.62,4.39,6.0221493,52.2132321
176,1466805600.0,0.76,19034.0,79356.0,66.4,52.17,57.93,66.4,4.82,6.0221493,52.2132321
175,1466719200.0,0.88,19009.0,79357.0,73.43,58.25,64.34,73.43,6.03,6.0221493,52.2132321
174,1466632800.0,0.82,18988.0,79354.0,86.28,66.34,66.44,86.28,5.97,6.0221493,52.2132321
173,1466546400.0,0.7,18970.0,79348.0,76.54,66.44,59.79,76.54,4.57,6.0221493,52.2132321
172,1466460000.0,0.88,18954.0,79339.0,68.78,59.79,58.77,68.78,4.33,6.0221493,52.2132321
171,1466373600.0,0.78,18942.0,79327.0,63.23,58.77,55.78,63.23,5.05,6.0221493,52.2132321
170,1466287200.0,0.82,18933.0,79311.0,65.82,55.78,52.75,65.82,6.19,6.0221493,52.2132321
169,1466200800.0,0.84,18927.0,79293.0,64.78,52.75,53.58,64.78,4.87,6.0221493,52.2132321
168,1466114400.0,0.82,18925.0,79271.0,65.35,53.58,55.72,65.35,4.64,6.0221493,52.2132321
167,1466028000.0,0.64,18925.0,79246.0,70.65,55.72,51.65,70.65,4.67,6.0221493,52.2132321
166,1465941600.0,0.8,18929.0,79218.0,65.94,51.65,54.18,65.94,5.75,6.0221493,52.2132321
165,1465855200.0,0.7,18935.0,79187.0,66.58,54.18,55.91,66.58,4.67,6.0221493,52.2132321
164,1465768800.0,0.83,18945.0,79154.0,65.84,55.91,58.03,65.84,4.38,6.0221493,52.2132321
163,1465682400.0,0.91,18958.0,79117.0,70.54,58.32,57.86,70.54,5.96,6.0221493,52.2132321
162,1465596000.0,0.84,18975.0,79077.0,71.26,57.86,54.34,71.26,6.22,6.0221493,52.2132321
161,1465509600.0,0.66,18994.0,79035.0,71.45,54.34,50.1,71.45,6.22,6.0221493,52.2132321
160,1465423200.0,0.64,19017.0,78989.0,69.89,50.1,51.93,69.89,6.16,6.0221493,52.2132321
159,1465336800.0,0.34,19042.0,78941.0,71.53,51.93,55.3,71.53,6.22,6.0221493,52.2132321
158,1465250400.0,0.78,19071.0,78890.0,82.24,55.3,58.73,82.24,6.22,6.0221493,52.2132321
157,1465164000.0,0.45,19103.0,78837.0,81.08,58.73,53.38,81.08,5.45,6.0221493,52.2132321
156,1465077600.0,0.51,19137.0,78781.0,82.62,53.38,60.78,82.62,6.22,6.0221493,52.2132321
155,1464991200.0,0.68,19175.0,78723.0,83.08,60.78,58.99,83.08,3.99,6.0221493,52.2132321
154,1464904800.0,0.86,19216.0,78662.0,76.06,58.99,57.65,76.06,4.25,6.0221493,52.2132321
153,1464818400.0,0.91,19260.0,78599.0,71.46,57.65,58.48,71.46,5.42,6.0221493,52.2132321
152,1464732000.0,0.76,19306.0,78533.0,78.08,60.08,59.51,78.08,4.67,6.0221493,52.2132321
212,1469916000.0,0.77,21444.0,77377.0,68.02,54.16,57.1,68.02,4.94,6.0221493,52.2132321
211,1469829600.0,0.78,21351.0,77475.0,69.18,58.13,60.32,69.18,4.98,6.0221493,52.2132321
210,1469743200.0,0.91,21259.0,77571.0,72.3,60.32,60.1,72.3,5.53,6.0221493,52.2132321
209,1469656800.0,0.86,21167.0,77665.0,73.38,60.1,60.06,73.38,4.68,6.0221493,52.2132321
208,1469570400.0,0.79,21076.0,77757.0,72.41,60.06,60.55,72.41,5.64,6.0221493,52.2132321
207,1469484000.0,0.49,20987.0,77847.0,75.86,60.55,54.92,75.86,6.16,6.0221493,52.2132321
206,1469397600.0,0.76,20898.0,77935.0,73.34,54.92,60.95,73.34,5.82,6.0221493,52.2132321
205,1469311200.0,0.62,20810.0,78021.0,80.43,60.95,64.33,80.43,4.28,6.0221493,52.2132321
204,1469224800.0,0.55,20723.0,78105.0,79.5,64.33,62.81,79.5,4.74,6.0221493,52.2132321
203,1469138400.0,0.76,20638.0,78186.0,76.78,62.81,64.63,76.78,4.91,6.0221493,52.2132321
202,1469052000.0,0.52,20554.0,78265.0,82.09,64.63,63.36,82.09,5.63,6.0221493,52.2132321
201,1468965600.0,0.58,20471.0,78342.0,93.1,63.36,64.08,93.1,6.08,6.0221493,52.2132321
200,1468879200.0,0.36,20389.0,78416.0,86.78,64.08,53.59,86.78,6.22,6.0221493,52.2132321
199,1468792800.0,0.47,20309.0,78488.0,80.74,53.59,56.95,80.74,6.11,6.0221493,52.2132321
198,1468706400.0,0.79,20231.0,78557.0,74.39,56.95,63.86,74.39,6.22,6.0221493,52.2132321
197,1468620000.0,0.95,20154.0,78623.0,71.58,64.53,57.89,71.58,6.16,6.0221493,52.2132321
196,1468533600.0,0.63,20078.0,78687.0,70.39,57.89,51.41,70.39,6.22,6.0221493,52.2132321
195,1468447200.0,0.63,20005.0,78749.0,64.45,51.41,48.5,64.45,6.22,6.0221493,52.2132321
194,1468360800.0,0.83,19933.0,78808.0,61.53,48.5,54.26,61.53,5.44,6.0221493,52.2132321
193,1468274400.0,0.78,19863.0,78863.0,68.79,54.95,58.84,68.79,5.95,6.0221493,52.2132321
192,1468188000.0,0.8,19796.0,78917.0,72.16,58.84,62.05,72.16,6.22,6.0221493,52.2132321
191,1468101600.0,0.72,19730.0,78967.0,83.42,62.05,61.36,83.42,6.22,6.0221493,52.2132321
190,1468015200.0,0.88,19666.0,79014.0,73.11,61.36,57.4,73.11,4.66,6.0221493,52.2132321
189,1467928800.0,0.9,19605.0,79059.0,68.1,57.4,60.72,68.1,5.9,6.0221493,52.2132321
188,1467842400.0,0.63,19545.0,79100.0,72.75,60.72,47.76,72.75,6.22,6.0221493,52.2132321
187,1467756000.0,0.63,19489.0,79139.0,67.22,47.76,51.85,67.22,6.11,6.0221493,52.2132321
186,1467669600.0,0.82,19434.0,79174.0,64.42,51.85,56.13,64.42,5.76,6.0221493,52.2132321
185,1467583200.0,0.59,19382.0,79206.0,74.47,58.48,49.72,74.47,6.22,6.0221493,52.2132321
184,1467496800.0,0.7,19332.0,79236.0,67.56,49.72,52.37,67.56,6.09,6.0221493,52.2132321
183,1467410400.0,0.75,19285.0,79262.0,63.68,52.37,55.41,63.68,6.19,6.0221493,52.2132321
182,1467324000.0,0.9,19241.0,79285.0,67.24,55.57,59.21,67.24,5.82,6.0221493,52.2132321
243,1472594400.0,0.32,24480.0,73630.0,79.3,56.76,50.74,79.3,6.22,6.0221493,52.2132321
242,1472508000.0,0.34,24382.0,73766.0,75.86,50.74,48.22,75.86,6.22,6.0221493,52.2132321
241,1472421600.0,0.8,24283.0,73902.0,70.49,48.22,56.14,70.49,6.22,6.0221493,52.2132321
240,1472335200.0,0.62,24185.0,74036.0,78.92,61.76,64.77,78.92,6.19,6.0221493,52.2132321
239,1472248800.0,0.46,24086.0,74170.0,81.15,66.02,61.27,81.15,6.11,6.0221493,52.2132321
238,1472162400.0,0.51,23987.0,74304.0,82.5,61.27,66.75,82.5,6.19,6.0221493,52.2132321
237,1472076000.0,0.45,23888.0,74436.0,91.53,66.75,63.79,91.53,6.22,6.0221493,52.2132321
236,1471989600.0,0.43,23790.0,74568.0,89.62,63.79,60.4,89.62,6.22,6.0221493,52.2132321
235,1471903200.0,0.49,23691.0,74699.0,82.66,60.4,59.51,82.66,6.22,6.0221493,52.2132321
234,1471816800.0,0.79,23592.0,74828.0,71.37,59.51,57.83,71.37,4.63,6.0221493,52.2132321
233,1471730400.0,0.69,23492.0,74957.0,64.89,57.83,58.57,64.89,6.11,6.0221493,52.2132321
232,1471644000.0,0.73,23393.0,75085.0,73.92,58.57,59.56,73.92,6.22,6.0221493,52.2132321
231,1471557600.0,0.57,23294.0,75212.0,78.06,59.56,52.73,78.06,5.42,6.0221493,52.2132321
230,1471471200.0,0.39,23195.0,75338.0,76.75,52.73,51.43,76.75,6.22,6.0221493,52.2132321
229,1471384800.0,0.39,23096.0,75463.0,74.79,51.43,52.26,74.79,5.95,6.0221493,52.2132321
228,1471298400.0,0.33,22997.0,75586.0,70.38,52.26,51.14,70.38,6.22,6.0221493,52.2132321
227,1471212000.0,0.58,22898.0,75709.0,71.75,51.14,49.55,71.75,6.22,6.0221493,52.2132321
226,1471125600.0,0.83,22800.0,75830.0,70.69,49.55,57.65,70.69,5.59,6.0221493,52.2132321
225,1471039200.0,0.78,22701.0,75950.0,69.75,58.22,58.39,69.75,5.75,6.0221493,52.2132321
224,1470952800.0,0.83,22602.0,76069.0,71.75,58.39,58.66,71.75,4.47,6.0221493,52.2132321
223,1470866400.0,0.77,22504.0,76186.0,57.44,57.46,45.96,58.34,5.08,6.0221493,52.2132321
222,1470780000.0,0.71,22406.0,76302.0,62.63,45.96,49.9,62.63,6.19,6.0221493,52.2132321
221,1470693600.0,0.76,22308.0,76417.0,63.97,50.07,52.79,63.97,6.22,6.0221493,52.2132321
220,1470607200.0,0.82,22210.0,76530.0,70.25,54.56,57.98,70.25,6.22,6.0221493,52.2132321
219,1470520800.0,0.58,22113.0,76641.0,73.58,62.26,51.57,73.58,6.22,6.0221493,52.2132321
218,1470434400.0,0.63,22016.0,76752.0,70.61,51.57,55.38,70.61,5.24,6.0221493,52.2132321
217,1470348000.0,0.56,21920.0,76860.0,71.14,55.38,55.86,71.14,5.92,6.0221493,52.2132321
216,1470261600.0,0.67,21823.0,76967.0,69.29,55.86,58.45,69.29,6.22,6.0221493,52.2132321
215,1470175200.0,0.87,21728.0,77072.0,67.07,58.45,63.77,67.25,4.02,6.0221493,52.2132321
214,1470088800.0,0.93,21633.0,77176.0,64.07,64.18,56.34,64.35,4.41,6.0221493,52.2132321
213,1470002400.0,0.71,21538.0,77277.0,69.56,56.34,54.16,69.56,6.0,6.0221493,52.2132321
273,1475186400.0,0.76,27433.0,69399.0,64.75,53.04,53.04,64.75,5.78,6.0221493,52.2132321
272,1475100000.0,0.82,27332.0,69540.0,64.15,55.31,58.2,64.75,6.07,6.0221493,52.2132321
271,1475013600.0,0.82,27233.0,69681.0,72.0,60.12,59.95,72.0,6.22,6.0221493,52.2132321
270,1474927200.0,0.42,27133.0,69822.0,70.88,57.54,44.15,70.88,6.02,6.0221493,52.2132321
269,1474840800.0,0.61,27034.0,69964.0,67.79,44.15,48.54,67.79,6.22,6.0221493,52.2132321
268,1474754400.0,0.48,26934.0,70106.0,78.6,48.54,52.13,78.6,6.22,6.0221493,52.2132321
267,1474668000.0,0.43,26835.0,70248.0,74.59,52.13,47.04,74.59,6.22,6.0221493,52.2132321
266,1474581600.0,0.53,26737.0,70390.0,69.23,47.04,50.08,69.23,5.13,6.0221493,52.2132321
265,1474495200.0,0.39,26638.0,70533.0,71.0,52.05,45.89,71.0,6.22,6.0221493,52.2132321
264,1474408800.0,0.62,26539.0,70675.0,69.38,45.89,51.86,69.38,6.22,6.0221493,52.2132321
263,1474322400.0,0.62,26441.0,70818.0,66.17,54.33,45.87,66.17,6.09,6.0221493,52.2132321
262,1474236000.0,0.76,26343.0,70960.0,67.05,45.87,51.55,67.05,6.19,6.0221493,52.2132321
261,1474149600.0,0.74,26245.0,71103.0,68.07,51.55,58.22,68.07,5.57,6.0221493,52.2132321
260,1474063200.0,0.7,26146.0,71245.0,68.47,58.22,54.86,68.47,5.67,6.0221493,52.2132321
259,1473976800.0,0.86,26048.0,71388.0,70.67,54.86,60.09,70.67,5.14,6.0221493,52.2132321
258,1473890400.0,0.42,25951.0,71530.0,85.6,60.09,62.21,85.6,6.22,6.0221493,52.2132321
257,1473804000.0,0.4,25853.0,71672.0,90.01,62.21,63.29,90.01,6.22,6.0221493,52.2132321
256,1473717600.0,0.46,25755.0,71814.0,90.16,63.29,61.95,90.16,6.11,6.0221493,52.2132321
255,1473631200.0,0.45,25657.0,71956.0,85.85,61.95,57.18,85.85,5.77,6.0221493,52.2132321
254,1473544800.0,0.86,25559.0,72098.0,71.43,57.18,60.3,71.43,5.88,6.0221493,52.2132321
253,1473458400.0,0.32,25461.0,72239.0,79.54,60.3,51.7,79.54,6.11,6.0221493,52.2132321
252,1473372000.0,0.56,25363.0,72380.0,75.94,51.7,57.13,75.94,5.5,6.0221493,52.2132321
251,1473285600.0,0.31,25266.0,72521.0,82.46,57.13,56.43,82.46,6.22,6.0221493,52.2132321
250,1473199200.0,0.35,25168.0,72661.0,81.16,56.43,54.92,81.16,6.09,6.0221493,52.2132321
249,1473112800.0,0.44,25070.0,72801.0,78.8,54.92,53.38,78.8,6.06,6.0221493,52.2132321
248,1473026400.0,0.59,24972.0,72940.0,73.28,53.38,58.8,73.28,6.22,6.0221493,52.2132321
247,1472940000.0,0.82,24873.0,73079.0,69.49,58.8,60.07,69.49,6.14,6.0221493,52.2132321
246,1472853600.0,0.82,24775.0,73218.0,73.1,62.43,57.37,73.1,5.54,6.0221493,52.2132321
245,1472767200.0,0.6,24677.0,73356.0,71.63,57.37,52.18,71.63,6.16,6.0221493,52.2132321
244,1472680800.0,0.62,24579.0,73493.0,71.7,52.18,56.76,71.7,5.29,6.0221493,52.2132321
304,1477868400.0,0.46,27102.0,61784.0,60.95,43.71,43.57,60.95,4.64,6.0221493,52.2132321
303,1477778400.0,0.78,30588.0,65502.0,58.28,43.57,42.65,58.28,5.73,6.0221493,52.2132321
302,1477692000.0,0.7,30478.0,65616.0,58.0,42.65,43.13,58.0,3.54,6.0221493,52.2132321
301,1477605600.0,0.9,30369.0,65732.0,56.66,43.55,52.2,56.66,3.81,6.0221493,52.2132321
300,1477519200.0,0.92,30260.0,65849.0,55.85,52.06,48.9,55.85,2.26,6.0221493,52.2132321
299,1477432800.0,0.91,30151.0,65967.0,54.39,48.9,45.13,54.39,2.8,6.0221493,52.2132321
298,1477346400.0,0.97,30042.0,66087.0,49.5,44.54,44.54,49.5,2.52,6.0221493,52.2132321
297,1477260000.0,0.95,29933.0,66208.0,47.05,45.95,38.79,47.05,3.41,6.0221493,52.2132321
296,1477173600.0,0.38,29825.0,66330.0,52.29,38.79,32.53,52.29,3.73,6.0221493,52.2132321
295,1477087200.0,0.8,29717.0,66454.0,50.33,32.53,38.54,50.33,4.38,6.0221493,52.2132321
294,1477000800.0,0.9,29610.0,66579.0,50.66,44.38,41.6,50.66,3.15,6.0221493,52.2132321
293,1476914400.0,0.85,29503.0,66705.0,50.18,41.93,43.72,50.18,3.93,6.0221493,52.2132321
292,1476828000.0,0.86,29396.0,66831.0,50.6,43.72,44.06,50.6,5.77,6.0221493,52.2132321
291,1476741600.0,0.58,29289.0,66959.0,56.2,44.19,46.13,56.2,4.27,6.0221493,52.2132321
290,1476655200.0,0.7,29183.0,67088.0,61.33,47.42,48.31,61.33,5.3,6.0221493,52.2132321
289,1476568800.0,0.44,29077.0,67218.0,66.53,48.31,44.85,66.53,5.14,6.0221493,52.2132321
288,1476482400.0,0.81,28972.0,67349.0,56.46,44.85,47.09,56.46,2.63,6.0221493,52.2132321
287,1476396000.0,0.9,28867.0,67481.0,55.35,47.67,45.06,55.35,6.06,6.0221493,52.2132321
286,1476309600.0,0.89,28762.0,67614.0,51.4,45.06,45.92,51.4,6.22,6.0221493,52.2132321
285,1476223200.0,0.98,28658.0,67747.0,49.09,46.0,46.19,49.85,6.14,6.0221493,52.2132321
284,1476136800.0,0.79,28554.0,67881.0,53.26,47.08,35.83,53.26,5.23,6.0221493,52.2132321
283,1476050400.0,0.71,28450.0,68016.0,54.1,35.83,36.23,54.1,5.9,6.0221493,52.2132321
282,1475964000.0,0.64,28347.0,68152.0,55.76,36.23,35.88,55.76,5.63,6.0221493,52.2132321
281,1475877600.0,0.89,28244.0,68288.0,58.36,35.88,47.63,58.36,6.22,6.0221493,52.2132321
280,1475791200.0,0.98,28141.0,68425.0,57.81,48.55,49.95,57.81,6.22,6.0221493,52.2132321
279,1475704800.0,0.72,28039.0,68563.0,54.61,49.95,39.75,54.61,6.22,6.0221493,52.2132321
278,1475618400.0,0.28,27937.0,68701.0,57.57,39.75,43.7,57.57,6.22,6.0221493,52.2132321
277,1475532000.0,0.75,27836.0,68840.0,61.89,43.7,50.91,61.89,6.06,6.0221493,52.2132321
276,1475445600.0,0.72,27734.0,68979.0,63.87,53.04,50.08,63.87,5.18,6.0221493,52.2132321
275,1475359200.0,0.6,27634.0,69119.0,58.57,50.08,47.87,58.57,6.22,6.0221493,52.2132321
274,1475272800.0,0.91,27533.0,69259.0,64.16,47.87,53.18,64.16,5.96,6.0221493,52.2132321
334,1480460400.0,0.6,30201.0,59351.0,40.86,40.61,24.17,40.86,6.19,6.0221493,52.2132321
333,1480374000.0,0.19,30114.0,59395.0,37.56,23.87,21.07,37.56,5.8,6.0221493,52.2132321
332,1480287600.0,0.19,30024.0,59442.0,39.71,21.07,27.99,39.71,6.22,6.0221493,52.2132321
331,1480201200.0,0.74,29933.0,59492.0,48.84,28.73,35.23,48.84,3.91,6.0221493,52.2132321
330,1480114800.0,0.57,29840.0,59545.0,33.49,30.54,29.06,34.22,2.72,6.0221493,52.2132321
329,1480028400.0,0.24,29746.0,59601.0,44.83,29.16,33.19,44.83,6.22,6.0221493,52.2132321
328,1479942000.0,0.51,29650.0,59659.0,46.75,33.75,38.69,46.75,5.96,6.0221493,52.2132321
327,1479855600.0,0.71,29553.0,59721.0,52.42,44.11,41.2,52.42,4.92,6.0221493,52.2132321
326,1479769200.0,0.78,29454.0,59785.0,54.85,41.2,47.91,54.85,6.22,6.0221493,52.2132321
325,1479682800.0,0.92,29354.0,59852.0,56.78,52.4,46.42,56.78,5.9,6.0221493,52.2132321
324,1479596400.0,0.83,29253.0,59922.0,55.33,46.42,40.18,55.33,6.22,6.0221493,52.2132321
323,1479510000.0,0.78,29151.0,59994.0,45.65,40.18,38.04,45.65,6.11,6.0221493,52.2132321
322,1479423600.0,0.74,29048.0,60069.0,46.11,37.69,37.69,47.72,6.22,6.0221493,52.2132321
321,1479337200.0,0.75,28944.0,60146.0,51.05,42.12,46.08,51.43,6.08,6.0221493,52.2132321
320,1479250800.0,0.88,28839.0,60225.0,56.53,46.08,50.56,56.53,4.12,6.0221493,52.2132321
319,1479164400.0,1.0,28734.0,60307.0,53.57,51.86,41.99,53.57,1.35,6.0221493,52.2132321
318,1479078000.0,0.64,28628.0,60392.0,40.69,41.11,29.2,41.99,2.41,6.0221493,52.2132321
317,1478991600.0,0.89,28521.0,60478.0,39.51,29.2,33.14,39.51,4.01,6.0221493,52.2132321
316,1478905200.0,0.72,28413.0,60567.0,40.85,35.84,28.58,40.85,3.76,6.0221493,52.2132321
315,1478818800.0,0.52,28305.0,60658.0,41.47,28.58,29.75,41.47,3.58,6.0221493,52.2132321
314,1478732400.0,0.9,28197.0,60751.0,40.5,36.8,37.63,40.5,2.77,6.0221493,52.2132321
313,1478646000.0,0.87,28088.0,60846.0,39.84,37.79,32.87,39.84,3.37,6.0221493,52.2132321
312,1478559600.0,0.85,27979.0,60943.0,39.14,32.87,29.61,39.14,2.68,6.0221493,52.2132321
311,1478473200.0,0.78,27870.0,61042.0,42.65,29.61,37.37,43.0,4.56,6.0221493,52.2132321
310,1478386800.0,0.83,27760.0,61142.0,47.96,42.26,39.99,47.96,6.22,6.0221493,52.2132321
309,1478300400.0,0.78,27651.0,61245.0,49.56,39.99,41.64,49.56,4.35,6.0221493,52.2132321
308,1478214000.0,0.84,27541.0,61350.0,49.77,43.11,43.26,49.77,6.09,6.0221493,52.2132321
307,1478127600.0,0.7,27431.0,61456.0,51.71,43.26,36.2,51.71,4.24,6.0221493,52.2132321
306,1478041200.0,0.6,27321.0,61564.0,50.49,36.2,39.86,50.49,5.61,6.0221493,52.2132321
305,1477954800.0,0.72,27212.0,61673.0,56.15,39.86,43.37,56.15,4.87,6.0221493,52.2132321
365,1483138800.0,0.96,31584.0,59651.0,35.04,33.11,31.62,35.04,0.41,6.0221493,52.2132321
363,1482966000.0,0.41,31588.0,59535.0,38.21,26.15,27.36,38.21,1.88,6.0221493,52.2132321
362,1482879600.0,0.92,31584.0,59481.0,38.13,28.36,33.79,40.35,0.53,6.0221493,52.2132321
361,1482793200.0,0.55,31578.0,59431.0,48.09,33.79,39.56,48.09,6.01,6.0221493,52.2132321
360,1482706800.0,0.65,31568.0,59384.0,51.16,39.56,40.52,52.9,5.97,6.0221493,52.2132321
359,1482620400.0,0.89,31554.0,59340.0,51.64,46.94,46.26,52.24,4.42,6.0221493,52.2132321
358,1482534000.0,0.73,31537.0,59299.0,46.52,45.91,42.47,47.39,5.63,6.0221493,52.2132321
357,1482447600.0,0.85,31517.0,59262.0,45.81,41.27,39.69,45.81,3.67,6.0221493,52.2132321
356,1482361200.0,0.9,31493.0,59228.0,43.73,39.69,39.95,43.73,2.48,6.0221493,52.2132321
355,1482274800.0,0.69,31466.0,59197.0,44.04,39.89,31.53,44.04,4.14,6.0221493,52.2132321
354,1482188400.0,0.61,31436.0,59170.0,32.99,30.85,28.21,33.19,1.21,6.0221493,52.2132321
353,1482102000.0,0.72,31402.0,59146.0,41.94,28.29,33.98,41.94,2.72,6.0221493,52.2132321
352,1482015600.0,0.9,31365.0,59126.0,47.08,37.68,39.72,47.08,2.1,6.0221493,52.2132321
351,1481929200.0,0.98,31324.0,59109.0,44.3,43.02,38.6,44.8,2.92,6.0221493,52.2132321
350,1481842800.0,0.66,31281.0,59096.0,44.93,38.13,37.41,44.93,5.15,6.0221493,52.2132321
349,1481756400.0,0.96,31234.0,59086.0,44.5,37.41,43.32,46.06,2.85,6.0221493,52.2132321
348,1481670000.0,1.0,31184.0,59080.0,47.7,43.52,44.73,47.7,1.61,6.0221493,52.2132321
347,1481583600.0,0.91,31132.0,59077.0,44.52,44.69,39.58,44.75,2.28,6.0221493,52.2132321
346,1481497200.0,0.89,31076.0,59078.0,45.84,39.58,41.08,45.84,2.16,6.0221493,52.2132321
345,1481410800.0,0.74,31017.0,59082.0,48.22,41.44,44.7,48.29,5.56,6.0221493,52.2132321
344,1481324400.0,0.84,30956.0,59089.0,45.95,44.7,43.58,47.81,2.84,6.0221493,52.2132321
343,1481238000.0,0.9,30891.0,59100.0,50.64,43.58,46.66,50.64,3.88,6.0221493,52.2132321
342,1481151600.0,0.8,30824.0,59115.0,48.71,44.92,43.8,48.71,6.09,6.0221493,52.2132321
341,1481065200.0,0.84,30755.0,59133.0,46.41,43.8,33.78,46.41,6.09,6.0221493,52.2132321
340,1480978800.0,0.29,30682.0,59154.0,39.22,33.19,23.02,39.22,4.45,6.0221493,52.2132321
339,1480892400.0,0.19,30608.0,59179.0,38.8,23.02,21.4,38.8,5.88,6.0221493,52.2132321
338,1480806000.0,0.21,30531.0,59207.0,37.36,21.85,24.66,37.36,5.1,6.0221493,52.2132321
337,1480719600.0,0.53,30452.0,59238.0,44.34,24.66,28.14,44.34,5.02,6.0221493,52.2132321
336,1480633200.0,0.78,30370.0,59272.0,48.22,29.44,32.41,48.22,5.38,6.0221493,52.2132321
